category,mode,count,pass_rate,avg_pass_rate,pass_rate_ci95_low,pass_rate_ci95_high,avg_score,avg_total_time_seconds,std_total_time_seconds,median_total_time_seconds,p25_total_time_seconds,p75_total_time_seconds,min_total_time_seconds,max_total_time_seconds,avg_real_speedup_vs_expensive_percent,median_real_speedup_vs_expensive_percent,avg_estimated_saved_percent,avg_expensive_model_calls,cheap_model_name,expensive_model_name,device,cheap_device,expensive_device,torch_dtype,prompt_format
code,expensive_only,30,0.6,0.6,0.42320052498273836,0.7540960567391659,0.6444444444444444,13.234172823855483,10.189894776701191,8.684286962333166,4.60472112366665,21.871045423249825,1.8553704273335825,31.350046979999814,0.0,0.0,0.0,133.76666666666668,Qwen/Qwen2.5-Coder-0.5B-Instruct,Qwen/Qwen2.5-Coder-3B-Instruct,split,cuda:0,cuda:1,float16,auto
code,cheap_only,30,0.4666666666666667,0.4666666666666667,0.30232127224128236,0.6385798671847496,0.4666666666666667,4.852035294700079,2.38809017456112,4.104342092166766,2.748257913916632,6.8431127513332894,2.193555455333808,9.242474895667025,39.524636991715255,51.35740323579654,65.0,0.0,Qwen/Qwen2.5-Coder-0.5B-Instruct,Qwen/Qwen2.5-Coder-3B-Instruct,split,cuda:0,cuda:1,float16,auto
code,prompt_router_v2,30,0.7,0.7,0.5212387898833981,0.8333543735604105,0.7444444444444444,5.106786163677821,2.4831755295118154,5.014571457499946,2.6313493632499863,6.8061700977501305,1.8922601996664525,9.603962971333507,39.319252933829944,47.84055681612762,45.5,20.966666666666665,Qwen/Qwen2.5-Coder-0.5B-Instruct,Qwen/Qwen2.5-Coder-3B-Instruct,split,cuda:0,cuda:1,float16,auto
