mode,count,pass_rate,avg_pass_rate,pass_rate_ci95_low,pass_rate_ci95_high,avg_score,avg_total_time_seconds,std_total_time_seconds,median_total_time_seconds,p25_total_time_seconds,p75_total_time_seconds,min_total_time_seconds,max_total_time_seconds,avg_real_speedup_vs_expensive_percent,median_real_speedup_vs_expensive_percent,avg_estimated_saved_percent,avg_expensive_model_calls
expensive_only,1,0.0,0.0,0.0,0.7934567085261071,0.0,0.583350300003076,0.0,0.583350300003076,0.583350300003076,0.583350300003076,0.583350300003076,0.583350300003076,0.0,0.0,0.0,3.0
adaptive_calibrated,1,0.0,0.0,0.0,0.7934567085261071,0.0,0.49732090000179596,0.0,0.49732090000179596,0.49732090000179596,0.49732090000179596,0.49732090000179596,0.49732090000179596,14.747468202352232,14.747468202352232,15.000000000000002,2.0
