mode,count,pass_rate,avg_pass_rate,avg_score,avg_total_time_seconds,std_total_time_seconds,median_total_time_seconds,p25_total_time_seconds,p75_total_time_seconds,min_total_time_seconds,max_total_time_seconds,avg_real_speedup_vs_expensive_percent,median_real_speedup_vs_expensive_percent,avg_estimated_saved_percent,avg_expensive_model_calls
expensive_only,3,1.0,1.0,1.0,0.8414590333316786,0.2857957217242228,0.7072944999963511,0.6428279999963706,0.9730077999993227,0.5783614999963902,1.2387211000022944,0.0,0.0,0.0,10.0
adaptive_calibrated,3,0.6666666666666666,0.6666666666666666,0.6666666666666666,0.7174079999967944,0.01550841964353061,0.714740499999607,0.7073147000046447,0.7261675499903504,0.6998889000096824,0.7375945999810938,5.667941082615144,-4.28394395614542,51.599326599326595,1.3333333333333333
