category,mode,count,pass_rate,pass_rate_ci95_low,pass_rate_ci95_high,avg_score,avg_estimated_saved_percent,avg_expensive_model_calls
code,expensive_only,2,1.0,0.34237195288961925,1.0,1.0,0.0,19.5
code,adaptive_calibrated,2,1.0,0.34237195288961925,1.0,1.0,60.77047413793104,2.5
logic,expensive_only,2,0.5,0.09452865480086614,0.9054713451991339,0.5,0.0,2.0
logic,adaptive_calibrated,2,0.5,0.09452865480086614,0.9054713451991339,0.5,40.0,0.5
math,expensive_only,2,0.5,0.09452865480086614,0.9054713451991339,0.5,0.0,9.0
math,adaptive_calibrated,2,0.0,0.0,0.6576280471103807,0.0,27.5,2.0
