mode,count,pass_rate,avg_pass_rate,avg_score,avg_total_time_seconds,std_total_time_seconds,avg_real_speedup_vs_expensive_percent,avg_estimated_saved_percent,avg_expensive_model_calls
expensive_only,45,0.9111111111111111,0.9111111111111111,0.9111111111111111,13.593944224442735,24.23844886774475,0.0,0.0,16.644444444444446
cheap_only,45,0.7333333333333333,0.7333333333333333,0.7333333333333333,4.508038687407626,6.094201611848089,55.32229813647227,65.0,0.0
adaptive_calibrated,45,0.8666666666666667,0.8666666666666667,0.8666666666666667,5.958914782962098,8.213342907418996,45.69902540241386,54.31635176365331,2.088888888888889
adaptive_guarded_v3,45,0.8666666666666667,0.8666666666666667,0.8666666666666667,6.91648554518448,9.82766197777582,41.58212928121992,53.689239021131094,2.7111111111111112
speculative_adaptive,45,0.8,0.8,0.8,6.538986491850853,9.670984737471754,15.479157354581737,20.11345839189755,4.4
hybrid,45,0.8666666666666667,0.8666666666666667,0.8666666666666667,5.881227008149425,9.358826231862693,46.65886170536751,51.0268065112548,2.6444444444444444
