mode,count,pass_rate,pass_rate_ci95_low,pass_rate_ci95_high,avg_score,avg_estimated_saved_percent,avg_expensive_model_calls
expensive_only,6,0.6666666666666666,0.29998832134152864,0.9032306674407831,0.6666666666666666,0.0,10.166666666666666
adaptive_calibrated,6,0.5,0.18761280689940868,0.8123871931005913,0.5,42.756824712643684,1.6666666666666667
