mode,count,pass_rate,avg_score,avg_estimated_saved_percent,avg_expensive_model_calls
expensive_only,45,0.9111111111111111,0.9111111111111111,0.0,16.644444444444446
cheap_only,45,0.7333333333333333,0.7333333333333333,65.0,0.0
adaptive_calibrated,45,0.8666666666666667,0.8666666666666667,54.31635176365331,2.088888888888889
adaptive_guarded_v3,45,0.8666666666666667,0.8666666666666667,53.689239021131094,2.7111111111111112
speculative_adaptive,45,0.8,0.8,20.11345839189755,4.4
hybrid,45,0.8666666666666667,0.8666666666666667,51.0268065112548,2.6444444444444444
