mode,count,pass_rate,avg_score,avg_total_time_seconds,avg_real_speedup_vs_expensive_percent,avg_estimated_saved_percent,avg_expensive_model_calls
expensive_only,45,0.9111111111111111,0.9111111111111111,9.365217128888212,0.0,0.0,16.644444444444446
cheap_only,45,0.7333333333333333,0.7333333333333333,2.2919673022186746,60.002244137332674,65.0,0.0
adaptive_calibrated,45,0.8666666666666667,0.8666666666666667,3.231644433331288,51.66058545464694,54.31635176365331,2.088888888888889
adaptive_guarded_v3,45,0.8666666666666667,0.8666666666666667,3.7509884688893282,47.34105176260005,53.689239021131094,2.7111111111111112
speculative_adaptive,45,0.8,0.8,4.289497426667044,17.558193749105694,20.11345839189755,4.4
hybrid,45,0.8666666666666667,0.8666666666666667,3.2756321377767663,52.60141264188537,51.0268065112548,2.6444444444444444
