category,mode,count,pass_rate,avg_pass_rate,pass_rate_ci95_low,pass_rate_ci95_high,avg_score,avg_total_time_seconds,std_total_time_seconds,median_total_time_seconds,p25_total_time_seconds,p75_total_time_seconds,min_total_time_seconds,max_total_time_seconds,avg_real_speedup_vs_expensive_percent,median_real_speedup_vs_expensive_percent,avg_estimated_saved_percent,avg_expensive_model_calls,cheap_model_name,expensive_model_name,device,cheap_device,expensive_device,torch_dtype,prompt_format
code,expensive_only,30,0.6,0.6,0.42320052498273836,0.7540960567391659,0.6444444444444444,13.18263067014447,10.331592853106269,8.181655545000089,4.66376983041702,22.25865903016677,1.949746940666652,31.943195040666676,0.0,0.0,0.0,133.76666666666668,Qwen/Qwen2.5-Coder-0.5B-Instruct,Qwen/Qwen2.5-Coder-3B-Instruct,split,cuda:0,cuda:1,float16,auto
code,cheap_only,30,0.4666666666666667,0.4666666666666667,0.30232127224128236,0.6385798671847496,0.4666666666666667,5.23206024442222,2.6052526675576804,4.386915399166659,2.9758488933334775,7.293445537000025,2.386478275000021,10.228241392999735,34.62180658486694,47.584115208633634,65.0,0.0,Qwen/Qwen2.5-Coder-0.5B-Instruct,Qwen/Qwen2.5-Coder-3B-Instruct,split,cuda:0,cuda:1,float16,auto
code,adaptive_guarded_v3,30,0.5333333333333333,0.5333333333333333,0.3614201328152505,0.6976787277587178,0.5333333333333333,6.081339646833299,3.306851269915305,4.626328442666515,3.4514029462499516,8.388089629250013,2.8056201433331203,13.473559162333308,24.58013782282512,41.189565969295415,58.31906920667655,9.766666666666667,Qwen/Qwen2.5-Coder-0.5B-Instruct,Qwen/Qwen2.5-Coder-3B-Instruct,split,cuda:0,cuda:1,float16,auto
code,hybrid,30,0.5333333333333333,0.5333333333333333,0.3614201328152505,0.6976787277587178,0.5333333333333333,6.065406660522225,3.2970305606597448,4.642488510832967,3.455270337166818,8.40509078625026,2.766242742666994,13.371076387999588,24.828731704702136,41.24044896425996,58.31906920667655,9.766666666666667,Qwen/Qwen2.5-Coder-0.5B-Instruct,Qwen/Qwen2.5-Coder-3B-Instruct,split,cuda:0,cuda:1,float16,auto
