mode,count,pass_rate,avg_pass_rate,avg_score,avg_total_time_seconds,std_total_time_seconds,median_total_time_seconds,p25_total_time_seconds,p75_total_time_seconds,min_total_time_seconds,max_total_time_seconds,avg_real_speedup_vs_expensive_percent,median_real_speedup_vs_expensive_percent,avg_estimated_saved_percent,avg_expensive_model_calls
expensive_only,15,0.5333333333333333,0.5333333333333333,0.5333333333333333,1.5068725800064082,1.3499378628281062,1.377961400023196,0.4729859000071883,1.8375712000124622,0.13683239999227226,5.625230300007388,0.0,0.0,0.0,32.06666666666667
cheap_only,15,0.3333333333333333,0.3333333333333333,0.3333333333333333,2.7842444400012027,1.7991161649322458,2.721271499991417,0.9481379499920877,4.111242550003226,0.31453590001910925,5.860973400005605,-253.99872808650585,-86.52932105661759,65.0,0.0
adaptive_calibrated,15,0.26666666666666666,0.26666666666666666,0.3111111111111111,2.0554523666660924,2.066616146740307,0.9170690999890212,0.6038325999979861,3.707005799980834,0.1864752000255976,5.813935299986042,-52.96126843564574,-32.61095233985636,49.96103458190156,2.8
hybrid,15,0.3333333333333333,0.3333333333333333,0.3333333333333333,2.1228492000004433,2.166932625563564,0.916464600013569,0.589841000008164,3.9714755500026513,0.15369079998345114,6.15609870001208,-56.32791308820894,-41.724363481999816,48.46844023450538,3.8
